ID;Photo;Name;Reference;Default shop;Base price;Final price;Quantity;Status;
845;http://dev.welcomestranger.com/img/p/0.jpg;Journeyman Wallet;JOURNEYMAN;Welcome Stranger;60.000000;60;0;0;
788;http://dev.welcomestranger.com/img/p/0.jpg;Icon Set;EC162;Welcome Stranger;14.000000;14;5;0;
539;http://dev.welcomestranger.com/img/p/0.jpg;Cecille Quilted Coat;BD42077;Welcome Stranger;90.000000;90;0;0;
387;http://dev.welcomestranger.com/img/p/0.jpg;The Rocky Hoodie;9590;Welcome Stranger;54.000000;54;0;0;
482;http://dev.welcomestranger.com/img/p/0.jpg;Striped L/S Tee;P1-T163;Welcome Stranger;150.000000;150;0;0;
1027;http://dev.welcomestranger.com/img/p/0.jpg;Cuffed Waffle Weave Beanie;40WAF;Welcome Stranger;20.000000;20;0;0;
971;http://dev.welcomestranger.com/img/p/0.jpg;Hank Leather;10049ss13;Welcome Stranger;60.000000;60;0;0;
796;http://dev.welcomestranger.com/img/p/0.jpg;Railroad Spike Cuff;GBB0014;Welcome Stranger;88.000000;88;25;0;
740;http://dev.welcomestranger.com/img/p/0.jpg;Hank;10049;Welcome Stranger;35.000000;35;1;0;
395;http://dev.welcomestranger.com/img/p/0.jpg;The Rocky Hoodie;9590;Welcome Stranger;54.000000;54;0;0;
490;http://dev.welcomestranger.com/img/p/0.jpg;Leather Belt w/Nickel Hardware;B003;Welcome Stranger;105.000000;105;1;0;
1035;http://dev.welcomestranger.com/img/p/0.jpg;Felt Fedora;5092;Welcome Stranger;48.000000;48;2;0;
330;http://dev.welcomestranger.com/img/p/0.jpg;Short Sleeve Tee;MHOCJ-SS;Welcome Stranger;29.000000;29;0;0;
979;http://dev.welcomestranger.com/img/p/0.jpg;A6 Green Bicycle Notcards;200;Welcome Stranger;22.000000;22;11;0;
804;http://dev.welcomestranger.com/img/p/0.jpg;High Plains Set;EC174;Welcome Stranger;12.000000;12;3;0;
748;http://dev.welcomestranger.com/img/p/0.jpg;Seasonless Solid Slouchy Hat;375079;Welcome Stranger;35.000000;35;0;0;
403;http://dev.welcomestranger.com/img/p/0.jpg;Set of 4 Rings w Stones;A07013AW;Welcome Stranger;228.000000;228;1;0;
498;http://dev.welcomestranger.com/img/p/0.jpg;Alex  Mesh Sweatshirt;LT11222;Welcome Stranger;35.000000;35;0;0;
1043;http://dev.welcomestranger.com/img/p/0.jpg;Volume 7;VOL 7;Welcome Stranger;18.000000;18;2;0;
338;http://dev.welcomestranger.com/img/p/0.jpg;Short Sleeve Tee;MHOCJ-SS;Welcome Stranger;29.000000;29;3;0;
442;http://dev.welcomestranger.com/img/p/0.jpg;Belmont Faux Shrlng Jkt;BD42079;Welcome Stranger;104.000000;104;0;0;
987;http://dev.welcomestranger.com/img/p/0.jpg;Monocle Issue;22446;Welcome Stranger;12.000000;12;0;0;
813;http://dev.welcomestranger.com/img/p/0.jpg;Alphabet Stud Earring 14kGold;AlphabetStudGold;Welcome Stranger;78.000000;78;4;0;
756;http://dev.welcomestranger.com/img/p/0.jpg;Classic Zip Wallet;SA2100VB;Welcome Stranger;285.000000;285;5;0;
411;http://dev.welcomestranger.com/img/p/0.jpg;Skinny Guy Stretch;12051;Welcome Stranger;140.000000;140;4;0;
506;http://dev.welcomestranger.com/img/p/0.jpg;Slveless Two Pocket Blouse;LV3F8863;Welcome Stranger;35.000000;35;0;0;
1051;http://dev.welcomestranger.com/img/p/0.jpg;Tote Bag w/ Zipper;261;Welcome Stranger;140.000000;140;1;0;
346;http://dev.welcomestranger.com/img/p/0.jpg;Railroad Pave Ring;GBR0032;Welcome Stranger;48.000000;48;0;0;
450;http://dev.welcomestranger.com/img/p/0.jpg;14K Rose w Blk Diam Rings;R19RB-BL;Welcome Stranger;644.000000;644;0;0;
995;http://dev.welcomestranger.com/img/p/0.jpg;Sea Urchin Bangle;B155;Welcome Stranger;184.000000;184;1;0;
821;http://dev.welcomestranger.com/img/p/0.jpg;Alphabet Stud Earring 14kGold;AlphabetStudGold;Welcome Stranger;78.000000;78;5;0;
764;http://dev.welcomestranger.com/img/p/0.jpg;Marvelous Zip Pouch;SA5100MZ;Welcome Stranger;186.000000;186;0;0;
419;http://dev.welcomestranger.com/img/p/0.jpg;Echo Mtn Sweatshirt;211600003;Welcome Stranger;58.000000;58;3;0;
514;http://dev.welcomestranger.com/img/p/0.jpg;Traction Cropped Sweater;LT1703;Welcome Stranger;79.000000;79;0;0;
1059;http://dev.welcomestranger.com/img/p/0.jpg;5 Panel Twill Hat;FB-5;Welcome Stranger;10.000000;10;22;0;
363;http://dev.welcomestranger.com/img/p/0.jpg;Open Knit Detail Pullover Swtr;LV3F4822;Welcome Stranger;34.000000;34;0;0;
458;http://dev.welcomestranger.com/img/p/0.jpg;Del w/lace Ruched Bralette;1520;Welcome Stranger;52.000000;52;0;0;
1003;http://dev.welcomestranger.com/img/p/0.jpg;Tube Beanie;40010;Welcome Stranger;20.000000;20;8;0;
829;http://dev.welcomestranger.com/img/p/0.jpg;Alphabet Stud Earring 14kGold;AlphabetStudGold;Welcome Stranger;78.000000;78;5;0;
772;http://dev.welcomestranger.com/img/p/0.jpg;Laptop Bag;70258200135;Welcome Stranger;325.000000;325;0;0;
427;http://dev.welcomestranger.com/img/p/0.jpg;Nina Jean;1802;Welcome Stranger;168.000000;168;8;0;
522;http://dev.welcomestranger.com/img/p/0.jpg;White Pearl Ring;R23SLG;Welcome Stranger;115.000000;115;0;0;
1067;http://dev.welcomestranger.com/img/p/0.jpg;Heritage Backpack;10007;Welcome Stranger;39.000000;39;0;0;
371;http://dev.welcomestranger.com/img/p/0.jpg;Cortina Ring;GBR0037;Welcome Stranger;69.000000;69;1;0;
466;http://dev.welcomestranger.com/img/p/0.jpg;Gia Gather Dress;GD7148;Welcome Stranger;68.000000;68;0;0;
1011;http://dev.welcomestranger.com/img/p/0.jpg;Catbird Handpiece;CATHANDPIECE;Welcome Stranger;48.000000;48;0;0;
837;http://dev.welcomestranger.com/img/p/0.jpg;Alphabet Stud Earring 14kGold;AlphabetStudGold;Welcome Stranger;78.000000;78;4;0;
780;http://dev.welcomestranger.com/img/p/0.jpg;Utility Bifold;Utility Bifold;Welcome Stranger;75.000000;75;0;0;
531;http://dev.welcomestranger.com/img/p/0.jpg;Pyramid Ring;R14S;Welcome Stranger;50.000000;50;4;0;
1075;http://dev.welcomestranger.com/img/p/0.jpg;Sunglass Case;Sunglass Case;Welcome Stranger;65.000000;65;0;0;